Metric,Value
Mean Squared Error,388457.14825066435
R-squared,-0.00015849744434515145
